
INSERT INTO `adms_admin_menu`(`MENU_ID`,`IS_DEL`,`IS_LEAF`,`MENU_PATH`,`MENU_NAME`,`SORT`,`PARENT_MENU_ID`) values (1,0,0,null,'메뉴',1,null);
INSERT INTO `adms_admin_menu`(`MENU_ID`,`IS_DEL`,`IS_LEAF`,`MENU_PATH`,`MENU_NAME`,`SORT`,`PARENT_MENU_ID`) values (2,0,0,null,'게시판관리',1,1);
INSERT INTO `adms_admin_menu`(`MENU_ID`,`IS_DEL`,`IS_LEAF`,`MENU_PATH`,`MENU_NAME`,`SORT`,`PARENT_MENU_ID`) values (3,0,1,'/book','동호회게시판',1,2);



INSERT INTO adms_permission(PERMISSION_CODE,PERMISSION_NAME,PERMISSION_TYPE,USE_FLAG) VALUES ('PERMISSION_BOARD_VIEW','게시판 정보 보기','VIEW',1);
INSERT INTO adms_permission(PERMISSION_CODE,PERMISSION_NAME,PERMISSION_TYPE,USE_FLAG) VALUES ('PERMISSION_BOARD_DETAIL','게시판 정보 상세','DETAIL',1);
INSERT INTO adms_permission(PERMISSION_CODE,PERMISSION_NAME,PERMISSION_TYPE,USE_FLAG) VALUES ('PERMISSION_BOARD_INSERT','게시판 정보 등록','INSERT',1);
INSERT INTO adms_permission(PERMISSION_CODE,PERMISSION_NAME,PERMISSION_TYPE,USE_FLAG) VALUES ('PERMISSION_BOARD_UPDATE','게시판 정보 수정','UPDATE',1);
INSERT INTO adms_permission(PERMISSION_CODE,PERMISSION_NAME,PERMISSION_TYPE,USE_FLAG) VALUES ('PERMISSION_BOARD_DELETE','게시판 정보 삭제','DELETE',1);



INSERT INTO adms_admin_menu_permission(MENU_ID,ADMIN_PERMISSION_ID) VALUES (3,'PERMISSION_BOARD_VIEW');
INSERT INTO adms_admin_menu_permission(MENU_ID,ADMIN_PERMISSION_ID) VALUES (3,'PERMISSION_BOARD_DETAIL');
INSERT INTO adms_admin_menu_permission(MENU_ID,ADMIN_PERMISSION_ID) VALUES (3,'PERMISSION_BOARD_INSERT');
INSERT INTO adms_admin_menu_permission(MENU_ID,ADMIN_PERMISSION_ID) VALUES (3,'PERMISSION_BOARD_UPDATE');
INSERT INTO adms_admin_menu_permission(MENU_ID,ADMIN_PERMISSION_ID) VALUES (3,'PERMISSION_BOARD_DELETE');


INSERT INTO adms_admin_user(`ADMIN_USER_ID`,`CREATED_BY`,`DATE_CREATED`,`DATE_UPDATED`,`UPDATED_BY`,`EMAIL`,`IS_DEL`,`ADMIN_USER_NAME`,`PASSWORD`,`SALT_KEY`,`SITE_ID`,`USER_NAME`) values (-1,-1,'2016-03-29 00:00:00','2016-03-29 00:00:00',-1,null,0,'관리자','cfce32be16da3bb561e6efbcdb7d26710891e5ef','ABCD',null,'admin');


INSERT INTO adms_site(SITE_ID,CREATED_BY,DATE_CREATED,DATE_UPDATED,UPDATED_BY,SITE_DESC,IS_DEL,SITE_NAME) VALUES (-1,-1,'2016-03-29 00:00:00','2016-03-29 00:00:00',-1,null,0,'SPOTTOON');

INSERT INTO adms_site_address(SITE_ADDRESS_ID,ADDRESS,SITE_ID) VALUES (-1,'127.0.0.1',-1)

UPDATE adms_admin_user SET site_id = -1 where admin_user_id = -1;

INSERT INTO adms_admin_role(ADMIN_ROLE_ID,CREATED_BY,DATE_CREATED,DATE_UPDATED,UPDATED_BY,DESCRIPTION,IS_DEL,ADMIN_ROLE_NAME) VALUES (-1,-1,'2016-03-29 00:00:00','2016-03-29 00:00:00',-1,null,0,'Admin Group');

INSERT INTO adms_user_role(ADMIN_USER_ID,ADMIN_ROLE_ID) VALUES (-1,-1);

INSERT INTO adms_role_permission(ADMIN_ROLE_ID,ADMIN_PERMISSION_ID) VALUES (-1,'PERMISSION_BOARD_VIEW');
INSERT INTO adms_role_permission(ADMIN_ROLE_ID,ADMIN_PERMISSION_ID) VALUES (-1,'PERMISSION_BOARD_DETAIL');
INSERT INTO adms_role_permission(ADMIN_ROLE_ID,ADMIN_PERMISSION_ID) VALUES (-1,'PERMISSION_BOARD_INSERT');
INSERT INTO adms_role_permission(ADMIN_ROLE_ID,ADMIN_PERMISSION_ID) VALUES (-1,'PERMISSION_BOARD_UPDATE');
INSERT INTO adms_role_permission(ADMIN_ROLE_ID,ADMIN_PERMISSION_ID) VALUES (-1,'PERMISSION_BOARD_DELETE');
